P001;0;98.1;68;130;83
P001;10;94.6;77;95;70
P001;20;91.5;118;137;88
P001;30;96.7;75;137;91
P001;40;97.8;87;144;79
P001;50;96.2;80;120;66
P001;60;96.0;58;117;86
P001;70;91.2;91;133;75
P001;80;96.2;65;142;87
P001;90;94.7;81;118;83
P001;100;98.4;72;117;80
P001;110;98.7;63;123;82
P001;120;96.8;80;118;80
P001;130;96.1;74;105;81
P001;140;93.3;78;160;75
P001;150;94.8;61;105;87
P001;160;93.8;88;133;84
P001;170;98.5;84;123;79
P001;180;95.0;74;151;70
P001;190;94.4;80;105;81
P002;0;98.4;74;97;82
P002;10;96.3;87;109;83
P002;20;96.4;78;111;69
P002;30;94.5;89;132;74
P002;40;94.9;80;132;89
P002;50;92.3;91;120;79
P002;60;98.7;50;152;72
P002;70;94.1;90;147;65
P002;80;91.8;110;122;95
P002;90;95.3;103;121;64
P002;100;95.8;74;112;102
P002;110;95.9;77;123;82
P002;120;92.1;81;147;99
P002;130;96.4;77;153;87
P002;140;99.1;102;125;92
P002;150;98.5;92;112;76
P002;160;96.9;103;126;89
P002;170;94.7;69;158;70
P002;180;89.0;95;131;79
P002;190;94.9;81;121;82
P003;0;95.2;87;137;67
P003;10;99.6;79;101;77
P003;20;95.1;101;132;78
P003;30;98.5;67;132;86
P003;40;95.7;72;116;74
P003;50;96.0;112;146;84
P003;60;97.7;85;155;98
P003;70;95.9;64;122;80
P003;80;98.9;74;127;81
P003;90;95.0;78;134;85
P003;100;97.1;76;125;84
P003;110;97.5;72;118;76
P003;120;99.6;53;137;62
P003;130;98.0;110;128;70
P003;140;98.4;62;122;95
P003;150;95.6;84;114;81
P003;160;93.8;103;132;75
P003;170;96.6;93;152;62
P003;180;94.6;95;111;64
P003;190;96.9;79;134;78
P004;0;98.6;86;109;93
P004;10;94.1;71;109;87
P004;20;98.1;86;96;77
P004;30;95.4;59;117;72
P004;40;100;72;108;70
P004;50;95.7;70;119;88
P004;60;95.2;65;133;92
P004;70;94.1;54;114;74
P004;80;96.9;71;131;95
P004;90;94.7;69;114;82
P004;100;97.4;47;122;66
P004;110;93.2;80;109;94
P004;120;95.3;73;126;81
P004;130;98.7;80;127;70
P004;140;93.2;71;112;86
P004;150;95.9;80;125;64
P004;160;96.2;72;133;66
P004;170;97.4;85;135;71
P004;180;93.1;45;92;67
P004;190;93.6;67;94;79
P005;0;94.9;84;136;72
P005;10;96.9;72;128;69
P005;20;95.9;87;122;86
P005;30;96.6;78;134;87
P005;40;95.8;77;108;86
P005;50;99.5;92;103;89
P005;60;100;85;108;75
P005;70;95.4;95;148;69
P005;80;96.0;64;116;76
P005;90;95.7;97;106;88
P005;100;95.4;55;164;67
P005;110;98.0;84;121;79
P005;120;92.4;94;130;86
P005;130;96.4;94;126;71
P005;140;96.0;87;144;81
P005;150;96.1;87;129;79
P005;160;97.3;79;134;80
P005;170;95.0;83;141;76
P005;180;96.1;73;104;70
P005;190;96.2;73;117;90
P006;0;92.1;67;97;95
P006;10;98.7;91;119;77
P006;20;97.6;66;158;97
P006;30;94.8;94;111;87
P006;40;98.1;83;107;80
P006;50;93.5;62;120;70
P006;60;93.1;79;98;66
P006;70;92.4;87;113;75
P006;80;96.4;76;133;75
P006;90;93.3;73;115;88
P006;100;96.6;90;129;72
P006;110;95.5;71;163;81
P006;120;96.1;96;113;77
P006;130;94.6;69;126;76
P006;140;94.8;87;117;72
P006;150;93.9;79;124;71
P006;160;94.4;85;128;94
P006;170;97.8;93;125;74
P006;180;95.9;70;102;71
P006;190;95.8;88;128;86
P007;0;95.0;102;128;81
P007;10;93.1;74;147;92
P007;20;96.3;83;121;90
P007;30;96.3;86;142;76
P007;40;95.4;85;121;77
P007;50;97.8;50;135;83
P007;60;96.2;62;127;73
P007;70;92.8;102;118;91
P007;80;95.0;100;104;70
P007;90;94.9;74;135;83
P007;100;96.1;82;104;83
P007;110;97.6;84;118;97
P007;120;94.3;52;130;67
P007;130;96.4;73;133;84
P007;140;99.1;67;133;82
P007;150;92.9;67;140;75
P007;160;94.8;61;142;76
P007;170;93.5;89;145;70
P007;180;96.0;88;154;75
P007;190;95.7;80;127;63
P008;0;99.3;87;102;82
P008;10;97.1;98;112;72
P008;20;94.0;84;121;83
P008;30;94.5;100;115;101
P008;40;96.8;83;124;84
P008;50;98.5;62;157;80
P008;60;94.9;86;107;91
P008;70;95.4;83;124;84
P008;80;93.1;90;156;96
P008;90;97.0;61;124;81
P008;100;100;106;140;74
P008;110;95.3;75;137;76
P008;120;95.4;108;136;79
P008;130;96.8;89;103;71
P008;140;97.1;73;129;70
P008;150;96.0;82;120;63
P008;160;98.3;81;136;88
P008;170;94.3;102;98;94
P008;180;97.5;80;101;91
P008;190;99.2;88;116;64
P009;0;99.5;80;119;75
P009;10;99.6;107;121;83
P009;20;99.6;100;133;80
P009;30;96.8;80;127;73
P009;40;95.0;63;143;65
P009;50;94.7;90;119;65
P009;60;96.7;83;100;65
P009;70;96.0;67;143;87
P009;80;93.1;89;129;78
P009;90;95.5;95;137;88
P009;100;95.5;73;134;90
P009;110;94.9;74;132;77
P009;120;94.6;70;107;63
P009;130;98.4;69;134;88
P009;140;97.7;81;148;76
P009;150;96.8;74;111;86
P009;160;94.6;90;117;93
P009;170;98.9;79;121;91
P009;180;97.0;44;147;72
P009;190;96.2;72;128;74
P010;0;93.8;67;120;67
P010;10;93.0;60;116;73
P010;20;97.9;84;148;94
P010;30;96.0;73;138;88
P010;40;91.7;76;130;73
P010;50;97.6;79;144;68
P010;60;97.1;80;156;76
P010;70;95.1;69;136;70
P010;80;96.1;79;107;77
P010;90;96.0;71;108;88
P010;100;97.1;88;157;82
P010;110;94.7;98;111;69
P010;120;97.4;75;117;82
P010;130;95.2;97;152;90
P010;140;94.5;90;148;75
P010;150;93.1;93;134;87
P010;160;97.4;65;137;77
P010;170;94.5;93;154;74
P010;180;97.9;80;143;72
P010;190;95.0;87;147;92
P011;0;97.2;87;97;61
P011;10;96.3;71;139;88
P011;20;97.2;66;99;71
P011;30;95.5;88;125;79
P011;40;98.5;80;127;75
P011;50;97.3;91;130;68
P011;60;96.3;86;123;69
P011;70;98.0;87;111;89
P011;80;91.2;81;151;84
P011;90;93.8;79;130;79
P011;100;97.2;69;144;88
P011;110;96.7;84;120;77
P011;120;94.1;68;121;71
P011;130;93.8;79;119;77
P011;140;98.2;95;139;72
P011;150;92.2;94;99;88
P011;160;95.2;85;103;85
P011;170;98.9;75;118;80
P011;180;96.8;85;122;63
P011;190;100;94;102;74
P012;0;94.2;98;125;61
P012;10;97.6;85;122;83
P012;20;96.7;101;126;84
P012;30;93.7;99;99;72
P012;40;99.6;77;107;71
P012;50;93.7;69;123;77
P012;60;95.5;70;124;80
P012;70;94.1;76;139;89
P012;80;98.1;91;112;86
P012;90;93.8;98;128;68
P012;100;96.9;76;125;77
P012;110;95.6;102;107;80
P012;120;96.5;98;120;83
P012;130;95.0;67;122;77
P012;140;96.7;81;135;100
P012;150;96.1;70;138;87
P012;160;96.9;94;119;69
P012;170;96.3;76;128;77
P012;180;95.2;83;118;88
P012;190;95.5;67;127;81
P013;0;98.3;111;101;83
P013;10;99.3;96;125;91
P013;20;99.6;95;124;73
P013;30;98.5;91;114;78
P013;40;93.0;110;119;75
P013;50;96.8;89;103;70
P013;60;100;97;112;72
P013;70;96.1;66;143;74
P013;80;97.8;80;138;78
P013;90;98.0;88;120;86
P013;100;95.5;86;120;80
P013;110;96.4;77;145;66
P013;120;94.4;74;90;69
P013;130;97.7;72;133;67
P013;140;94.1;71;141;77
P013;150;96.8;81;122;77
P013;160;94.0;87;115;79
P013;170;97.7;75;128;66
P013;180;96.7;62;131;81
P013;190;94.8;88;149;61
P014;0;97.3;72;117;77
P014;10;94.9;101;120;75
P014;20;97.6;77;104;91
P014;30;94.2;58;123;66
P014;40;98.5;93;121;79
P014;50;96.6;90;142;76
P014;60;97.2;81;117;95
P014;70;96.5;55;128;78
P014;80;98.0;68;117;77
P014;90;97.7;61;128;74
P014;100;97.8;85;116;56
P014;110;95.3;104;106;83
P014;120;99.4;76;133;76
P014;130;100;68;112;81
P014;140;93.9;81;130;85
P014;150;97.0;90;104;65
P014;160;98.9;73;116;79
P014;170;96.1;70;132;77
P014;180;99.7;98;138;62
P014;190;94.3;89;113;86
P015;0;95.7;84;152;72
P015;10;95.4;88;159;84
P015;20;95.6;74;120;70
P015;30;96.3;80;126;85
P015;40;94.4;72;126;73
P015;50;98.0;86;129;70
P015;60;97.2;67;102;77
P015;70;96.1;89;105;85
P015;80;94.8;78;115;70
P015;90;98.2;89;85;78
P015;100;100;85;140;82
P015;110;96.0;84;128;71
P015;120;95.5;76;101;72
P015;130;98.4;86;128;74
P015;140;93.0;86;105;67
P015;150;95.0;49;135;81
P015;160;97.3;73;119;88
P015;170;95.5;82;117;74
P015;180;97.2;72;135;86
P015;190;95.8;52;125;95
P016;0;91.5;82;96;78
P016;10;94.1;88;135;79
P016;20;95.6;87;117;73
P016;30;95.8;73;108;83
P016;40;97.3;72;137;79
P016;50;98.5;91;106;92
P016;60;96.3;84;138;68
P016;70;96.7;83;127;71
P016;80;96.5;80;134;88
P016;90;93.6;99;107;75
P016;100;95.4;92;128;79
P016;110;94.0;82;113;77
P016;120;95.6;72;106;71
P016;130;96.3;89;133;82
P016;140;95.2;84;112;64
P016;150;94.4;62;112;77
P016;160;97.9;64;145;74
P016;170;95.0;81;127;84
P016;180;98.5;84;105;91
P016;190;98.8;103;139;83
P017;0;95.5;65;128;63
P017;10;97.2;90;141;84
P017;20;93.7;105;129;67
P017;30;96.1;74;92;79
P017;40;94.3;80;144;97
P017;50;93.3;109;149;69
P017;60;97.7;115;121;92
P017;70;93.7;78;143;98
P017;80;97.3;99;136;75
P017;90;99.9;89;159;90
P017;100;95.9;91;105;74
P017;110;93.2;82;115;101
P017;120;96.1;107;110;85
P017;130;98.0;87;114;80
P017;140;98.5;103;130;104
P017;150;97.3;91;112;77
P017;160;97.6;92;128;82
P017;170;97.4;71;158;75
P017;180;98.9;72;128;84
P017;190;92.0;87;118;80
P018;0;90.8;80;128;88
P018;10;95.5;100;138;68
P018;20;92.2;75;94;87
P018;30;94.6;92;129;80
P018;40;96.9;98;141;84
P018;50;94.9;123;121;75
P018;60;93.2;97;104;98
P018;70;96.8;97;120;79
P018;80;95.2;57;115;79
P018;90;99.0;106;118;88
P018;100;95.9;70;109;94
P018;110;93.4;83;122;80
P018;120;93.4;47;100;71
P018;130;98.0;67;114;75
P018;140;96.7;58;102;73
P018;150;93.6;84;120;64
P018;160;97.8;98;163;84
P018;170;96.8;96;110;84
P018;180;93.1;94;153;71
P018;190;95.6;60;104;78
P019;0;94.1;83;142;77
P019;10;95.0;92;128;65
P019;20;96.5;71;85;82
P019;30;94.7;78;138;78
P019;40;95.1;61;106;80
P019;50;99.3;71;123;84
P019;60;91.9;74;113;85
P019;70;95.6;93;121;71
P019;80;94.2;62;131;96
P019;90;98.8;73;139;89
P019;100;96.0;86;134;76
P019;110;98.0;86;123;75
P019;120;98.5;82;139;76
P019;130;94.7;83;138;78
P019;140;99.2;90;118;74
P019;150;95.2;49;133;77
P019;160;96.5;80;139;66
P019;170;100;68;154;71
P019;180;95.2;100;138;76
P019;190;98.5;80;87;80
P020;0;94.7;83;132;83
P020;10;94.1;64;139;80
P020;20;92.9;72;139;95
P020;30;97.1;67;145;86
P020;40;98.3;80;126;79
P020;50;96.3;105;138;77
P020;60;94.6;77;117;85
P020;70;97.3;90;109;85
P020;80;96.4;60;100;63
P020;90;94.9;75;131;83
P020;100;97.9;81;114;61
P020;110;97.2;57;126;66
P020;120;96.6;77;101;84
P020;130;96.8;78;141;62
P020;140;95.0;78;115;89
P020;150;94.7;61;90;81
P020;160;96.8;67;107;79
P020;170;93.2;74;123;81
P020;180;97.3;60;120;78
P020;190;95.2;65;156;87
P021;0;98.0;84;128;64
P021;10;94.7;70;140;79
P021;20;93.8;96;114;70
P021;30;96.6;76;140;79
P021;40;95.8;72;128;80
P021;50;92.9;87;111;84
P021;60;96.0;94;118;100
P021;70;96.0;78;113;69
P021;80;96.0;87;110;74
P021;90;95.8;77;124;70
P021;100;92.8;76;126;75
P021;110;96.4;113;106;74
P021;120;96.6;72;158;61
P021;130;96.3;93;161;88
P021;140;98.4;71;108;84
P021;150;98.8;74;128;72
P021;160;94.6;88;133;90
P021;170;97.0;72;117;64
P021;180;91.2;67;116;78
P021;190;95.9;94;140;84
P022;0;98.7;94;129;86
P022;10;95.6;79;150;87
P022;20;95.6;64;92;82
P022;30;94.6;110;127;85
P022;40;100;119;113;80
P022;50;95.4;68;125;87
P022;60;94.2;93;117;85
P022;70;97.7;71;133;66
P022;80;97.7;75;107;85
P022;90;96.0;79;104;76
P022;100;95.0;85;117;87
P022;110;93.1;82;120;73
P022;120;98.8;77;115;80
P022;130;97.6;101;89;81
P022;140;100;79;94;77
P022;150;98.8;74;126;70
P022;160;96.4;103;143;80
P022;170;98.6;89;157;71
P022;180;95.8;82;122;79
P022;190;95.6;64;120;90
P023;0;94.3;59;131;77
P023;10;94.5;80;116;75
P023;20;95.8;95;113;86
P023;30;96.1;103;115;96
P023;40;93.8;59;125;76
P023;50;94.4;93;108;69
P023;60;93.9;82;129;68
P023;70;99.5;62;129;99
P023;80;97.7;71;131;81
P023;90;98.1;71;160;84
P023;100;97.4;82;143;93
P023;110;97.5;76;105;75
P023;120;94.9;66;105;89
P023;130;95.6;65;130;79
P023;140;96.1;87;107;72
P023;150;93.3;96;137;81
P023;160;94.1;82;140;76
P023;170;94.3;74;126;72
P023;180;95.8;76;139;91
P023;190;97.1;93;120;83
P024;0;92.8;90;130;82
P024;10;93.6;87;121;81
P024;20;93.5;75;131;62
P024;30;95.5;95;154;89
P024;40;94.9;78;118;83
P024;50;95.9;89;131;86
P024;60;95.2;82;124;86
P024;70;93.2;82;116;81
P024;80;97.7;78;103;68
P024;90;94.0;87;135;68
P024;100;97.2;91;135;78
P024;110;96.9;94;114;93
P024;120;93.4;83;125;88
P024;130;92.9;106;142;109
P024;140;94.9;65;142;77
P024;150;96.9;106;127;77
P024;160;95.5;75;121;86
P024;170;95.2;57;168;92
P024;180;93.9;73;153;71
P024;190;92.6;75;103;94
P025;0;92.3;64;134;84
P025;10;94.2;97;169;87
P025;20;92.8;52;111;93
P025;30;97.5;82;105;79
P025;40;95.5;72;112;87
P025;50;94.0;73;122;81
P025;60;94.7;112;150;88
P025;70;97.1;91;114;81
P025;80;95.5;87;121;70
P025;90;94.9;106;148;91
P025;100;98.8;97;148;73
P025;110;96.5;89;87;71
P025;120;96.8;63;134;92
P025;130;98.7;85;131;91
P025;140;97.4;82;120;93
P025;150;92.8;70;110;78
P025;160;94.5;84;137;71
P025;170;95.2;94;118;82
P025;180;97.6;65;134;67
P025;190;98.3;72;118;73
P026;0;95.6;90;118;69
P026;10;93.8;71;108;84
P026;20;95.0;63;145;79
P026;30;95.7;90;137;69
P026;40;98.2;77;130;88
P026;50;93.7;81;118;71
P026;60;95.2;82;151;82
P026;70;97.4;84;118;95
P026;80;95.8;58;117;78
P026;90;95.7;99;144;79
P026;100;96.1;66;128;89
P026;110;97.6;61;141;112
P026;120;93.9;102;129;90
P026;130;96.8;104;113;63
P026;140;95.2;75;131;84
P026;150;96.9;64;103;77
P026;160;94.6;101;121;86
P026;170;99.0;80;158;93
P026;180;100;60;130;76
P026;190;96.0;104;137;66
P027;0;95.1;86;109;70
P027;10;93.3;87;130;77
P027;20;96.0;60;137;73
P027;30;95.9;82;128;65
P027;40;98.8;78;114;63
P027;50;91.8;104;133;70
P027;60;96.9;70;106;74
P027;70;97.0;53;125;77
P027;80;96.5;66;147;92
P027;90;90.0;93;112;93
P027;100;94.7;109;130;77
P027;110;96.0;95;132;76
P027;120;93.7;66;125;70
P027;130;96.0;81;116;80
P027;140;93.8;80;139;80
P027;150;98.1;80;129;82
P027;160;99.1;95;137;85
P027;170;98.2;100;125;75
P027;180;97.5;95;148;80
P027;190;95.2;89;124;59
P028;0;94.5;56;131;82
P028;10;94.3;74;138;78
P028;20;96.0;102;125;92
P028;30;93.3;66;113;63
P028;40;97.0;75;116;76
P028;50;95.8;86;156;66
P028;60;94.9;88;121;77
P028;70;100;79;146;93
P028;80;93.8;90;133;88
P028;90;96.7;82;124;82
P028;100;97.9;77;119;93
P028;110;94.2;88;112;71
P028;120;95.7;93;114;79
P028;130;94.1;78;104;67
P028;140;94.9;72;110;88
P028;150;96.2;113;141;88
P028;160;94.8;103;124;75
P028;170;96.2;83;110;80
P028;180;96.7;60;129;84
P028;190;95.9;75;136;75
P029;0;95.9;87;120;68
P029;10;93.6;82;154;86
P029;20;95.0;89;141;87
P029;30;98.5;97;156;80
P029;40;96.1;97;118;83
P029;50;91.8;71;124;70
P029;60;96.0;113;112;95
P029;70;94.4;93;133;76
P029;80;100;77;141;84
P029;90;96.3;70;140;85
P029;100;96.8;99;117;91
P029;110;92.4;109;152;79
P029;120;98.7;68;125;81
P029;130;98.5;84;108;69
P029;140;96.1;81;107;65
P029;150;95.5;90;141;79
P029;160;97.1;80;124;82
P029;170;97.9;71;120;71
P029;180;96.8;85;144;92
P029;190;95.4;79;120;75
P030;0;95.9;94;132;66
P030;10;95.0;95;128;101
P030;20;96.5;63;130;84
P030;30;95.6;88;107;92
P030;40;95.4;92;131;83
P030;50;95.0;102;116;76
P030;60;97.9;99;140;78
P030;70;95.3;72;129;79
P030;80;97.6;67;118;78
P030;90;96.4;74;155;81
P030;100;98.5;101;109;89
P030;110;98.3;91;130;78
P030;120;96.9;101;127;76
P030;130;99.4;105;159;86
P030;140;96.9;69;148;82
P030;150;93.3;106;122;89
P030;160;98.7;86;125;87
P030;170;97.7;71;138;84
P030;180;97.3;109;102;77
P030;190;97.7;41;128;71
P031;0;96.4;69;112;76
P031;10;96.7;93;131;98
P031;20;100;97;98;77
P031;30;96.9;80;118;74
P031;40;100;98;130;97
P031;50;93.7;103;130;75
P031;60;94.6;102;111;89
P031;70;94.5;49;106;75
P031;80;97.9;60;144;77
P031;90;95.1;82;126;86
P031;100;94.2;83;103;69
P031;110;95.1;51;132;73
P031;120;97.9;99;129;83
P031;130;99.3;54;98;95
P031;140;94.4;75;105;102
P031;150;99.4;74;147;76
P031;160;95.3;64;141;72
P031;170;96.4;100;131;86
P031;180;95.7;90;149;80
P031;190;91.0;110;129;79
P032;0;94.5;105;107;71
P032;10;97.0;79;124;73
P032;20;98.1;107;146;87
P032;30;95.8;69;135;80
P032;40;97.4;86;125;80
P032;50;94.1;87;133;88
P032;60;94.8;92;138;66
P032;70;94.2;64;128;83
P032;80;95.5;93;130;78
P032;90;96.9;76;159;89
P032;100;93.0;116;144;71
P032;110;97.1;79;132;76
P032;120;93.4;115;107;86
P032;130;93.2;76;122;83
P032;140;92.6;70;133;87
P032;150;99.2;95;112;72
P032;160;97.2;83;123;83
P032;170;95.3;95;101;80
P032;180;94.8;71;114;86
P032;190;94.5;85;113;81
P033;0;94.9;78;122;76
P033;10;94.6;96;145;77
P033;20;97.8;87;85;76
P033;30;97.5;70;138;73
P033;40;92.9;98;145;82
P033;50;96.9;61;119;76
P033;60;98.7;117;153;77
P033;70;96.8;83;120;74
P033;80;97.6;97;114;93
P033;90;98.2;91;95;74
P033;100;92.1;89;130;67
P033;110;96.2;75;137;89
P033;120;96.2;48;143;74
P033;130;96.9;54;148;67
P033;140;94.3;92;121;78
P033;150;93.7;93;118;71
P033;160;97.4;73;127;94
P033;170;96.3;80;130;73
P033;180;98.2;58;107;57
P033;190;99.6;110;96;85
P034;0;95.6;63;139;85
P034;10;95.8;58;144;67
P034;20;96.2;77;120;71
P034;30;96.4;79;135;95
P034;40;96.0;97;146;73
P034;50;94.5;93;96;92
P034;60;97.9;84;116;76
P034;70;94.4;75;142;96
P034;80;96.4;76;130;80
P034;90;96.3;72;127;86
P034;100;95.8;96;152;81
P034;110;100;83;111;70
P034;120;96.4;100;148;75
P034;130;94.7;70;114;85
P034;140;96.3;93;102;78
P034;150;97.9;92;108;65
P034;160;93.5;74;120;93
P034;170;100;98;104;66
P034;180;93.3;53;119;75
P034;190;96.4;52;134;64
P035;0;94.6;88;127;81
P035;10;97.5;81;111;84
P035;20;90.4;59;130;72
P035;30;96.4;99;132;60
P035;40;94.9;91;136;91
P035;50;96.4;87;133;85
P035;60;96.1;73;118;72
P035;70;96.2;91;136;73
P035;80;94.2;95;117;81
P035;90;97.8;68;130;78
P035;100;92.0;81;115;85
P035;110;96.8;76;139;79
P035;120;100;56;144;94
P035;130;96.4;66;118;75
P035;140;98.0;87;131;95
P035;150;96.2;65;125;76
P035;160;94.1;87;108;84
P035;170;97.3;84;123;81
P035;180;96.1;64;126;80
P035;190;96.0;103;120;83
P036;0;94.3;81;129;81
P036;10;93.7;86;108;78
P036;20;97.8;81;137;75
P036;30;98.2;108;126;78
P036;40;95.8;74;122;68
P036;50;98.3;97;129;71
P036;60;95.9;99;174;88
P036;70;99.0;98;132;81
P036;80;94.2;94;115;80
P036;90;95.9;80;118;81
P036;100;95.7;100;144;92
P036;110;93.2;80;119;95
P036;120;96.4;90;123;90
P036;130;94.7;93;135;89
P036;140;95.1;67;125;81
P036;150;99.2;67;120;75
P036;160;96.1;76;119;60
P036;170;96.7;123;119;89
P036;180;97.6;55;134;73
P036;190;94.7;103;147;88
P037;0;97.1;82;116;73
P037;10;97.5;78;123;71
P037;20;96.8;94;137;78
P037;30;95.2;67;95;88
P037;40;98.3;96;160;87
P037;50;99.5;100;104;81
P037;60;96.8;94;122;81
P037;70;98.3;66;139;73
P037;80;97.6;91;136;81
P037;90;100;84;98;77
P037;100;90.9;66;117;72
P037;110;94.9;64;101;85
P037;120;94.3;99;102;91
P037;130;98.1;69;162;81
P037;140;98.3;59;129;77
P037;150;95.2;93;121;90
P037;160;94.7;70;126;89
P037;170;92.3;90;117;81
P037;180;96.0;79;121;81
P037;190;96.9;82;107;72
P038;0;98.0;70;115;71
P038;10;95.6;85;127;89
P038;20;96.3;63;121;71
P038;30;98.5;97;127;88
P038;40;97.6;79;100;78
P038;50;97.9;72;136;66
P038;60;98.2;93;139;99
P038;70;96.8;107;130;87
P038;80;98.7;87;121;75
P038;90;93.4;86;85;79
P038;100;95.4;81;153;73
P038;110;99.1;70;145;72
P038;120;95.9;74;108;87
P038;130;94.0;81;160;77
P038;140;95.2;117;142;78
P038;150;97.8;96;139;72
P038;160;94.3;78;123;68
P038;170;96.8;100;121;88
P038;180;98.1;98;134;79
P038;190;95.4;70;136;85
P039;0;91.9;65;119;66
P039;10;95.1;108;131;69
P039;20;95.5;85;136;82
P039;30;99.0;79;128;82
P039;40;96.7;98;113;87
P039;50;98.2;65;142;68
P039;60;94.2;92;132;66
P039;70;93.7;54;130;94
P039;80;96.6;81;124;73
P039;90;98.1;54;118;67
P039;100;93.4;76;131;57
P039;110;90.6;94;161;90
P039;120;94.1;80;106;84
P039;130;98.1;104;142;80
P039;140;100;89;102;71
P039;150;93.8;68;104;80
P039;160;98.8;91;85;76
P039;170;98.2;88;107;85
P039;180;93.6;105;117;73
P039;190;96.7;104;85;74
P040;0;99.0;83;92;86
P040;10;97.3;76;157;84
P040;20;100;65;109;87
P040;30;98.4;84;127;69
P040;40;95.4;83;133;76
P040;50;96.8;85;152;77
P040;60;96.7;82;111;66
P040;70;95.2;85;100;76
P040;80;96.5;62;149;74
P040;90;99.1;85;131;80
P040;100;96.7;64;114;77
P040;110;94.2;90;113;84
P040;120;94.9;66;110;70
P040;130;93.3;70;157;89
P040;140;95.2;102;114;75
P040;150;93.3;99;134;81
P040;160;97.3;92;130;69
P040;170;97.9;98;149;71
P040;180;93.0;53;157;81
P040;190;96.1;82;108;73
P041;0;94.9;103;137;75
P041;10;99.2;66;131;84
P041;20;96.7;74;136;94
P041;30;98.8;55;142;79
P041;40;98.7;91;124;85
P041;50;94.2;83;141;89
P041;60;95.8;87;131;89
P041;70;94.7;74;107;74
P041;80;97.8;48;131;86
P041;90;95.3;62;122;88
P041;100;95.6;53;110;81
P041;110;95.0;82;120;77
P041;120;96.7;76;112;78
P041;130;96.7;84;143;81
P041;140;97.0;64;126;73
P041;150;93.6;76;143;79
P041;160;95.1;89;128;65
P041;170;97.6;94;137;84
P041;180;94.0;58;132;68
P041;190;96.0;74;136;89
P042;0;93.2;51;123;69
P042;10;99.3;87;126;87
P042;20;97.3;84;137;75
P042;30;99.6;67;147;83
P042;40;95.3;65;139;65
P042;50;93.7;73;113;86
P042;60;93.8;60;109;79
P042;70;94.1;80;137;72
P042;80;96.2;80;137;73
P042;90;98.5;91;127;85
P042;100;93.0;66;116;72
P042;110;95.6;66;114;80
P042;120;94.8;70;125;84
P042;130;97.5;98;145;82
P042;140;98.3;109;108;79
P042;150;93.3;60;120;63
P042;160;96.6;100;106;81
P042;170;97.3;65;133;63
P042;180;94.3;70;137;91
P042;190;95.4;78;118;83
P043;0;97.2;108;108;79
P043;10;95.0;76;142;72
P043;20;95.0;81;116;80
P043;30;95.9;81;147;74
P043;40;94.1;80;143;82
P043;50;98.1;75;126;71
P043;60;99.2;67;110;75
P043;70;94.6;83;133;74
P043;80;94.9;86;117;64
P043;90;93.6;79;117;84
P043;100;95.2;85;106;85
P043;110;97.3;70;116;85
P043;120;94.9;87;105;76
P043;130;94.3;94;124;87
P043;140;96.3;68;145;93
P043;150;96.0;66;122;74
P043;160;92.5;80;131;68
P043;170;95.7;74;126;79
P043;180;97.0;67;119;77
P043;190;96.1;87;140;82
P044;0;94.2;70;119;68
P044;10;94.6;70;131;92
P044;20;95.9;85;109;73
P044;30;93.8;68;110;90
P044;40;97.4;87;105;87
P044;50;93.9;73;124;76
P044;60;92.9;75;105;75
P044;70;97.6;79;116;76
P044;80;94.6;77;118;82
P044;90;94.2;81;139;87
P044;100;98.6;63;103;73
P044;110;92.8;72;126;57
P044;120;94.2;54;136;72
P044;130;98.6;90;149;79
P044;140;96.6;68;113;88
P044;150;96.7;72;144;87
P044;160;100;96;110;81
P044;170;95.4;115;110;61
P044;180;95.9;71;125;87
P044;190;96.4;92;118;76
P045;0;96.6;85;142;77
P045;10;96.2;64;142;82
P045;20;94.3;109;140;71
P045;30;90.2;84;136;76
P045;40;96.0;74;108;78
P045;50;97.8;84;142;68
P045;60;99.1;78;101;83
P045;70;95.1;69;137;85
P045;80;96.6;92;120;102
P045;90;94.4;94;131;93
P045;100;94.7;92;105;83
P045;110;94.6;58;119;64
P045;120;94.2;87;149;98
P045;130;95.7;82;117;82
P045;140;92.8;79;127;72
P045;150;96.4;78;132;83
P045;160;96.9;67;113;72
P045;170;95.9;95;97;74
P045;180;97.0;82;152;62
P045;190;93.4;72;85;74
P046;0;94.2;98;98;81
P046;10;94.8;89;118;76
P046;20;93.1;57;105;85
P046;30;96.4;77;131;85
P046;40;94.2;63;112;74
P046;50;96.9;49;124;69
P046;60;94.9;86;150;82
P046;70;96.0;105;124;73
P046;80;96.6;85;139;72
P046;90;96.3;65;132;79
P046;100;97.6;98;135;74
P046;110;95.8;66;138;87
P046;120;98.9;85;134;73
P046;130;92.0;87;143;75
P046;140;99.0;77;134;90
P046;150;96.0;53;104;85
P046;160;95.3;94;96;75
P046;170;95.3;95;126;81
P046;180;97.6;57;114;88
P046;190;95.1;66;125;72
P047;0;96.8;63;130;69
P047;10;93.8;91;117;83
P047;20;93.7;61;126;83
P047;30;96.2;105;149;71
P047;40;95.6;102;112;78
P047;50;96.8;74;119;92
P047;60;93.0;88;110;80
P047;70;98.4;87;127;83
P047;80;97.5;92;131;80
P047;90;94.2;82;114;94
P047;100;92.6;87;110;95
P047;110;99.2;90;141;84
P047;120;97.2;75;123;80
P047;130;96.0;106;100;85
P047;140;97.0;103;144;87
P047;150;93.0;85;119;87
P047;160;95.5;59;117;78
P047;170;95.1;74;149;68
P047;180;97.4;80;122;80
P047;190;94.3;74;126;103
P048;0;96.5;66;112;75
P048;10;96.0;98;119;72
P048;20;97.7;86;136;89
P048;30;97.0;89;153;78
P048;40;96.7;67;133;92
P048;50;95.8;71;149;83
P048;60;95.1;102;128;85
P048;70;95.0;96;139;71
P048;80;97.3;96;96;85
P048;90;95.9;82;114;73
P048;100;98.1;68;110;89
P048;110;95.5;61;109;77
P048;120;94.6;60;132;86
P048;130;95.4;76;119;79
P048;140;96.2;85;133;83
P048;150;92.6;70;114;70
P048;160;95.5;79;129;94
P048;170;97.2;77;91;81
P048;180;93.2;85;108;91
P048;190;97.6;59;145;84
P049;0;96.7;83;112;100
P049;10;98.6;94;114;78
P049;20;94.6;66;144;76
P049;30;95.2;85;115;73
P049;40;95.4;67;147;89
P049;50;94.5;89;156;107
P049;60;99.9;69;85;70
P049;70;93.6;92;131;72
P049;80;94.7;78;128;59
P049;90;94.6;93;125;79
P049;100;98.7;79;85;76
P049;110;100;83;128;87
P049;120;98.0;53;104;79
P049;130;96.3;85;119;83
P049;140;97.2;75;124;87
P049;150;92.4;100;122;65
P049;160;97.7;105;117;69
P049;170;94.6;75;122;68
P049;180;96.8;50;108;95
P049;190;92.5;96;132;75
P050;0;98.7;55;109;70
P050;10;95.8;85;116;78
P050;20;95.6;74;99;52
P050;30;96.0;63;139;85
P050;40;97.1;92;98;82
P050;50;95.3;85;97;79
P050;60;96.2;66;130;88
P050;70;96.9;100;123;73
P050;80;95.8;96;116;69
P050;90;95.0;69;116;86
P050;100;94.1;62;132;87
P050;110;94.5;71;135;76
P050;120;93.6;98;129;76
P050;130;96.1;101;143;93
P050;140;99.1;83;138;86
P050;150;94.4;102;129;90
P050;160;93.3;76;149;79
P050;170;98.6;84;122;77
P050;180;97.2;85;120;73
P050;190;95.9;80;115;84
